id,index
2705438,0
2004502,1
1179799,2
3081292,3
2501578,4
653075,5
2938714,6
1697930,7
2978502,8
420011,9
2682049,10
3720944,11
901174,12
524518,13
1768488,14
3287640,15
2573697,16
1438550,17
1072848,18
1319614,19
1581843,20
1637063,21
1549791,22
3522911,23
3241763,24
3759252,25
4490078,26
500718,27
606990,28
991642,29
4552398,30
3482421,31
22459,32
4020231,33
1284889,34
4408755,35
2250095,36
3792911,37
4254729,38
3748334,39
726713,40
744101,41
4544606,42
4362804,43
3731273,44
137487,45
2458580,46
3370475,47
76751,48
4284901,49
1072229,50
1777526,51
616841,52
3145630,53
4432807,54
2210017,55
3170691,56
502342,57
634110,58
4245803,59
3729575,60
1869807,61
3201469,62
4321623,63
2314529,64
2652976,65
3667946,66
3500451,67
2690571,68
1283916,69
45535,70
1254311,71
3473826,72
1253876,73
3553594,74
63258,75
315526,76
2316982,77
745768,78
922440,79
3119985,80
494116,81
1880959,82
135212,83
3079492,84
780010,85
4169675,86
1893830,87
3478136,88
2710515,89
2915824,90
1119112,91
3432139,92
1057568,93
4019493,94
4499767,95
1437162,96
3907924,97
2285759,98
2111897,99
3726822,100
2001826,101
3689751,102
4451534,103
4484357,104
2585795,105
3804838,106
2392484,107
2565768,108
3710361,109
1012013,110
524375,111
559757,112
213841,113
3451742,114
154542,115
3016884,116
2089213,117
4362983,118
1898833,119
3309650,120
1334372,121
30045,122
3090903,123
1079599,124
2608520,125
512566,126
38045,127
3240672,128
1703688,129
1057841,130
9064,131
812432,132
1667725,133
3768439,134
412919,135
1280664,136
4159968,137
621213,138
4338514,139
234916,140
2928384,141
1613276,142
4499478,143
2424638,144
893887,145
2580946,146
660875,147
1149449,148
3551384,149
1296253,150
4554939,151
775545,152
2197161,153
744245,154
3099696,155
221785,156
4020979,157
704442,158
2330622,159
2130746,160
4533036,161
3456869,162
4141254,163
924101,164
2366748,165
4049990,166
2507888,167
3847247,168
2317118,169
3272384,170
444534,171
43445,172
177854,173
1005582,174
1342939,175
1086543,176
1931005,177
4583506,178
1893191,179
720295,180
2154072,181
2550008,182
4427905,183
4571752,184
2262224,185
3954962,186
127768,187
3870375,188
3941800,189
3378061,190
2453990,191
4483314,192
128836,193
3307503,194
3916449,195
528730,196
962959,197
4578384,198
4383018,199
4472402,200
44411,201
1819239,202
1038436,203
1790126,204
1207236,205
1087839,206
788101,207
3418410,208
1792965,209
626238,210
2088073,211
4454260,212
4550898,213
1606477,214
3455040,215
3847702,216
508447,217
18903,218
4580338,219
4173199,220
3937157,221
73975,222
398644,223
4533914,224
1254051,225
502237,226
2954872,227
635441,228
3296093,229
3072367,230
4049722,231
442346,232
2394577,233
2148295,234
3660692,235
3543754,236
1242704,237
1857995,238
3045845,239
3655435,240
1459696,241
4105528,242
976185,243
150052,244
411627,245
212162,246
848921,247
1766375,248
4246708,249
4203068,250
3408137,251
3484208,252
2683869,253
138936,254
3274326,255
2865278,256
299329,257
4205078,258
1838416,259
3580664,260
2435687,261
2995613,262
1514943,263
4007215,264
1523848,265
2135130,266
962613,267
1173434,268
291827,269
3293484,270
622035,271
4333385,272
3754554,273
2958665,274
1118975,275
578240,276
744365,277
4305206,278
312113,279
2913005,280
3481113,281
1359497,282
3737229,283
612078,284
2772448,285
2112514,286
974288,287
4547168,288
3774721,289
4138763,290
675557,291
2101651,292
624061,293
462974,294
2169794,295
751977,296
805121,297
2870601,298
868188,299
3533669,300
1010707,301
3135786,302
2566476,303
682906,304
3033879,305
1122629,306
1501968,307
4143327,308
438935,309
2657518,310
1134369,311
2973232,312
878374,313
1826305,314
1934650,315
3321196,316
31181,317
2177460,318
328529,319
1363305,320
2915808,321
1458399,322
1506826,323
2774232,324
3836325,325
935309,326
3328595,327
4310092,328
1371812,329
2646148,330
675056,331
30971,332
1873880,333
1107970,334
4008409,335
543252,336
4017590,337
4175020,338
3210328,339
76887,340
2920801,341
906892,342
148260,343
1109152,344
3920765,345
63375,346
226689,347
401445,348
3474546,349
3977471,350
3698102,351
1662103,352
1443376,353
4574106,354
2660625,355
1955236,356
4329775,357
2380081,358
1616580,359
3341539,360
246620,361
4351125,362
440118,363
1214093,364
3856731,365
3171029,366
4470114,367
3602236,368
2616578,369
3883878,370
994996,371
1447960,372
3135218,373
2140778,374
2378915,375
695787,376
2955497,377
1518879,378
2765778,379
1242881,380
3306184,381
175181,382
3771869,383
3002613,384
3262386,385
1959711,386
3372075,387
3107749,388
3129740,389
2458720,390
4545549,391
3275018,392
3390198,393
1620730,394
3667990,395
2865345,396
803575,397
2002498,398
229082,399
99840,400
3602952,401
792504,402
2368386,403
240317,404
1222051,405
419180,406
560148,407
3869555,408
3381866,409
1893271,410
3504609,411
2823510,412
1403285,413
2027486,414
2013630,415
728041,416
1095246,417
1177079,418
2282014,419
3013553,420
4192942,421
4146077,422
1441262,423
165098,424
3895202,425
4176007,426
2099844,427
1492339,428
1567693,429
2082758,430
520982,431
1608502,432
1890945,433
3334817,434
1162788,435
897463,436
1802395,437
1447763,438
1986087,439
781474,440
580351,441
3913136,442
3434923,443
4425593,444
3567863,445
1284613,446
536191,447
907741,448
973885,449
1426397,450
3047612,451
4153265,452
1799170,453
2645033,454
2178060,455
4013443,456
655030,457
454890,458
3794933,459
196892,460
1048473,461
4430200,462
9558,463
944656,464
666676,465
202519,466
996660,467
1894285,468
3582227,469
2172279,470
4183449,471
1023414,472
1290667,473
678140,474
481601,475
1295698,476
687642,477
3005419,478
3045450,479
608910,480
2195642,481
607816,482
764592,483
366094,484
116177,485
3058924,486
1940195,487
879582,488
4281874,489
83066,490
1504358,491
2325779,492
3208603,493
3668574,494
1639604,495
2804344,496
605721,497
127061,498
2289242,499
654490,500
2632463,501
2041018,502
1355192,503
1375029,504
2384910,505
2965627,506
3839614,507
2882280,508
4472672,509
1925545,510
3028585,511
16669,512
486469,513
4060783,514
711892,515
4521727,516
4188987,517
1685517,518
3499434,519
830122,520
2585198,521
1869869,522
4154051,523
3386134,524
3652981,525
2280593,526
4532254,527
4227194,528
715220,529
2516287,530
3632693,531
2344421,532
929899,533
3289677,534
1295414,535
492263,536
3885841,537
2116758,538
1681302,539
2240270,540
3802986,541
3347280,542
3051852,543
1708856,544
621156,545
1495517,546
3213980,547
4479178,548
3744822,549
2550387,550
3341690,551
4188657,552
2580115,553
2895265,554
1965731,555
3517194,556
3705061,557
356069,558
4160943,559
3550089,560
2839235,561
3910242,562
2934219,563
2258396,564
30815,565
886207,566
4065550,567
2635728,568
1335184,569
1426917,570
4026733,571
4271874,572
3083772,573
4292300,574
1380541,575
4206556,576
2949755,577
2628571,578
3429022,579
4047423,580
2996488,581
106514,582
238790,583
1830721,584
1127093,585
2752400,586
2582698,587
2905196,588
2243194,589
222069,590
2526047,591
2195536,592
1803187,593
2628424,594
121674,595
1315870,596
3396270,597
1581767,598
1161270,599
4367297,600
272304,601
4546220,602
921202,603
1953384,604
2902589,605
4574364,606
278289,607
2396442,608
3688533,609
1838753,610
4019696,611
2866907,612
1332823,613
19347,614
3492885,615
91188,616
4490924,617
1937646,618
935935,619
2398589,620
2237572,621
2063908,622
1426226,623
3788202,624
3465982,625
2338953,626
1824312,627
1636444,628
2639824,629
3656021,630
660660,631
215324,632
4474296,633
2817590,634
313273,635
1234376,636
736866,637
100039,638
2817480,639
3793361,640
589152,641
2118130,642
3366225,643
3424181,644
1310272,645
3111595,646
4520479,647
257287,648
4380707,649
1959724,650
4417665,651
83288,652
2862074,653
231089,654
1717376,655
3586517,656
2074563,657
2209559,658
4332407,659
2123672,660
1562890,661
4238220,662
2832248,663
1553977,664
153569,665
431150,666
4072977,667
1258549,668
3134048,669
3623686,670
1454032,671
3785036,672
4438218,673
2387379,674
4251712,675
1409397,676
4514735,677
105744,678
3692897,679
3270930,680
2828770,681
727199,682
3754180,683
4344735,684
4221164,685
1881602,686
1884662,687
981523,688
3193252,689
3737056,690
2857954,691
4223518,692
3022784,693
2591149,694
4456788,695
2404248,696
2128205,697
290932,698
2268960,699
3631995,700
2615818,701
951847,702
3193182,703
1365304,704
4494126,705
3284852,706
4219952,707
3392240,708
362691,709
3604476,710
3528424,711
2836241,712
1793536,713
3404483,714
1847541,715
4325610,716
1743065,717
383618,718
3827236,719
3161656,720
1583368,721
1614754,722
3309724,723
3205752,724
1537938,725
380603,726
4528517,727
518706,728
2369785,729
187361,730
2113758,731
3412174,732
1604630,733
1435493,734
2337340,735
3903788,736
2843497,737
3407033,738
1029699,739
2556756,740
191875,741
4164351,742
4524489,743
707468,744
3345382,745
889185,746
2917955,747
2055558,748
3526231,749
155825,750
3528737,751
2338195,752
2527907,753
1007124,754
1304950,755
1599194,756
708859,757
2964858,758
3250655,759
618947,760
4432950,761
1910739,762
348684,763
1851239,764
3851331,765
3300531,766
2385717,767
1479146,768
3109920,769
3531097,770
2016844,771
2515746,772
2310143,773
2457543,774
433227,775
4368713,776
1302886,777
1726710,778
2701273,779
1717005,780
3345009,781
2323565,782
4172247,783
2142758,784
705555,785
613486,786
1507728,787
145879,788
1520845,789
2247273,790
734667,791
453705,792
1802296,793
4480752,794
2982399,795
2788056,796
1193207,797
2461367,798
399013,799
4239854,800
430614,801
4084246,802
464131,803
2693708,804
1782999,805
2344342,806
1942668,807
3843638,808
1109831,809
2317097,810
1508253,811
1078596,812
2601375,813
1965157,814
4406389,815
1530700,816
579352,817
1068859,818
2270687,819
2017616,820
21641,821
4334626,822
3960115,823
1847537,824
1572134,825
3904557,826
1520141,827
3572572,828
4380932,829
4111787,830
3879497,831
787399,832
4505743,833
2205090,834
1104122,835
47270,836
2954091,837
2812722,838
2415451,839
4328195,840
280732,841
1468622,842
2923932,843
4425481,844
1817260,845
106434,846
492717,847
297077,848
4019502,849
3734198,850
2994037,851
3903881,852
4318371,853
1326843,854
841511,855
3183592,856
508637,857
3661065,858
3417276,859
3267961,860
755374,861
2875371,862
729824,863
1100048,864
211961,865
2121026,866
1746248,867
33048,868
2374379,869
2031982,870
154053,871
1359014,872
3953177,873
1079210,874
3748736,875
3168659,876
3840279,877
4430425,878
2204276,879
2067591,880
1856588,881
4377188,882
2102139,883
2908683,884
3600555,885
2473582,886
3288454,887
3163079,888
930957,889
4422299,890
2070993,891
4520723,892
3155394,893
2669401,894
594944,895
4434972,896
758082,897
2192605,898
920603,899
4261419,900
5678,901
3036270,902
2650869,903
320345,904
214848,905
948139,906
4350549,907
3585701,908
449194,909
3112839,910
2630003,911
2896239,912
2069754,913
1156891,914
3344395,915
1864094,916
8057,917
2639791,918
3903197,919
2276399,920
406378,921
2917925,922
4427203,923
3515651,924
1259428,925
2694820,926
1678321,927
872212,928
4155779,929
2390136,930
1051587,931
2811951,932
3404349,933
249168,934
882686,935
3093336,936
4476082,937
1351356,938
3126536,939
3067948,940
993625,941
1379638,942
1050665,943
64194,944
1808947,945
540509,946
29141,947
3363389,948
4290060,949
3780385,950
920876,951
1944299,952
1314115,953
2100224,954
655360,955
4043796,956
1781613,957
4054061,958
1279889,959
2359191,960
2041057,961
650624,962
2916123,963
2566530,964
4330211,965
1465864,966
2710376,967
1119117,968
3354941,969
1014996,970
2410898,971
2544930,972
1331320,973
210257,974
2632767,975
3659103,976
4306355,977
4105286,978
4152065,979
692505,980
1863284,981
2163062,982
1196943,983
1133430,984
2572677,985
3081685,986
1833319,987
2872983,988
640956,989
2842350,990
3434618,991
1868057,992
319286,993
4434245,994
2715929,995
1753450,996
1745650,997
2078757,998
418170,999
1987943,1000
4570420,1001
2101669,1002
1272071,1003
1375033,1004
3176219,1005
1441228,1006
1178357,1007
252554,1008
3347566,1009
3192916,1010
3298682,1011
2223482,1012
2152030,1013
228202,1014
360696,1015
2287660,1016
4572761,1017
313361,1018
4176632,1019
3894242,1020
480452,1021
35314,1022
109992,1023
4461776,1024
2000691,1025
3116323,1026
688283,1027
2130199,1028
3487119,1029
2323129,1030
2202704,1031
1817704,1032
4303939,1033
3964402,1034
2905802,1035
3303501,1036
3469103,1037
4256789,1038
531611,1039
4446853,1040
2577443,1041
1986945,1042
3718548,1043
3908365,1044
340831,1045
980932,1046
4012122,1047
2557355,1048
1400489,1049
1871936,1050
3854353,1051
2518546,1052
2250379,1053
2528759,1054
1870403,1055
958681,1056
4263126,1057
4386004,1058
1917751,1059
2735573,1060
1761339,1061
2920977,1062
141607,1063
2233117,1064
4344010,1065
2602433,1066
2439827,1067
1417947,1068
938758,1069
2836699,1070
4308363,1071
2969041,1072
2618866,1073
2068354,1074
4023922,1075
861674,1076
4216240,1077
3104571,1078
1603480,1079
426093,1080
194172,1081
18091,1082
134446,1083
2720616,1084
200338,1085
551963,1086
682885,1087
3951320,1088
1068709,1089
207777,1090
817205,1091
2552962,1092
2469022,1093
122453,1094
1428496,1095
1741412,1096
3672847,1097
305622,1098
2231031,1099
3185890,1100
3772791,1101
2050869,1102
1299792,1103
52834,1104
2452252,1105
2249606,1106
3524213,1107
2874340,1108
4228890,1109
517731,1110
1200825,1111
4134961,1112
3971118,1113
451319,1114
1817803,1115
1019057,1116
3684550,1117
2534874,1118
258207,1119
384554,1120
2750159,1121
1099479,1122
4309858,1123
3371139,1124
4308655,1125
4300186,1126
2585509,1127
159424,1128
2729918,1129
1138122,1130
3584690,1131
3482536,1132
2031360,1133
2868534,1134
1565617,1135
355145,1136
4290386,1137
2251210,1138
4578168,1139
3972474,1140
2230200,1141
200319,1142
4263685,1143
4467895,1144
2103616,1145
3438931,1146
3161668,1147
1517711,1148
1481439,1149
1047479,1150
1919452,1151
2668632,1152
4303733,1153
87696,1154
735673,1155
1604427,1156
112896,1157
3795418,1158
1357922,1159
693544,1160
2130917,1161
2053492,1162
2126883,1163
4258809,1164
2212999,1165
1983236,1166
556760,1167
1775483,1168
1227351,1169
3471671,1170
1706937,1171
4339261,1172
3250295,1173
3006081,1174
605391,1175
2110329,1176
1697733,1177
2912728,1178
1247705,1179
290233,1180
2966949,1181
685167,1182
1323247,1183
3475710,1184
3369650,1185
3991069,1186
2814635,1187
714677,1188
534950,1189
489729,1190
1502529,1191
1566591,1192
3712454,1193
230136,1194
2245760,1195
1219655,1196
1417246,1197
2921434,1198
4230571,1199
3593504,1200
265439,1201
880048,1202
3461920,1203
3993191,1204
4088587,1205
1178568,1206
2131686,1207
1924033,1208
1636368,1209
266267,1210
3059205,1211
1250758,1212
2310458,1213
2520753,1214
3862256,1215
3884950,1216
1483249,1217
1827362,1218
3462172,1219
2027410,1220
3560159,1221
4196586,1222
1632183,1223
3790935,1224
1950511,1225
1576827,1226
324045,1227
1287384,1228
1993807,1229
2586285,1230
1300304,1231
4192820,1232
2720474,1233
1190297,1234
1733844,1235
3017093,1236
153216,1237
3382359,1238
2848370,1239
3205967,1240
2558355,1241
666091,1242
2770066,1243
95163,1244
3425261,1245
1551882,1246
4362091,1247
3952169,1248
3010451,1249
1801992,1250
1002933,1251
1571433,1252
3927720,1253
3519663,1254
2288570,1255
128739,1256
1481234,1257
388560,1258
1925,1259
4443732,1260
4377640,1261
4166676,1262
547855,1263
3744225,1264
3953351,1265
3882383,1266
1838658,1267
3663882,1268
1919962,1269
3929718,1270
2191063,1271
2252438,1272
297403,1273
579384,1274
3752495,1275
584932,1276
1058223,1277
82994,1278
4274255,1279
2258440,1280
1832047,1281
1146372,1282
94890,1283
3295039,1284
1275891,1285
4274286,1286
530114,1287
2050575,1288
1688059,1289
915206,1290
620383,1291
792477,1292
2512728,1293
4198282,1294
2116247,1295
3757148,1296
2427634,1297
3985345,1298
3509861,1299
484805,1300
775946,1301
863489,1302
4193953,1303
339347,1304
1084534,1305
1192706,1306
3301632,1307
1418261,1308
2669834,1309
1539377,1310
1093755,1311
1235122,1312
2047867,1313
3019056,1314
2930768,1315
4280140,1316
366396,1317
2124352,1318
3475084,1319
4358525,1320
459668,1321
1435821,1322
3044328,1323
221735,1324
4225887,1325
2766332,1326
3908527,1327
2569421,1328
3001592,1329
56644,1330
3196189,1331
233401,1332
2894189,1333
1662002,1334
3787672,1335
482430,1336
3684798,1337
2614105,1338
1130937,1339
3385128,1340
2489054,1341
4184347,1342
1188159,1343
1036544,1344
3452342,1345
1136409,1346
777215,1347
1885356,1348
1539277,1349
1556440,1350
3451575,1351
18008,1352
172239,1353
3661265,1354
3535217,1355
2328208,1356
4487510,1357
1055921,1358
2797921,1359
4133638,1360
2172708,1361
2506304,1362
3916285,1363
1151866,1364
188102,1365
1464595,1366
2991574,1367
589705,1368
1567907,1369
4535081,1370
3724669,1371
1158147,1372
2814995,1373
1232523,1374
1259474,1375
3709783,1376
2147223,1377
1309263,1378
1838786,1379
4116297,1380
988108,1381
483374,1382
2152807,1383
2011724,1384
3169588,1385
34504,1386
1231011,1387
2292827,1388
3404011,1389
4421494,1390
1625244,1391
4302619,1392
566380,1393
1305552,1394
1326903,1395
1688110,1396
649642,1397
3344372,1398
1532176,1399
3345083,1400
94273,1401
2509936,1402
3230111,1403
1917621,1404
2964098,1405
1567660,1406
1223304,1407
3912092,1408
1599017,1409
398152,1410
4155881,1411
1389761,1412
992723,1413
1251145,1414
2652462,1415
2221272,1416
64893,1417
461713,1418
3010695,1419
489675,1420
1984979,1421
932157,1422
2359308,1423
3135363,1424
2047706,1425
4545803,1426
2846960,1427
1344768,1428
3458589,1429
4565772,1430
1415912,1431
1734860,1432
3911591,1433
1103764,1434
2701397,1435
3172879,1436
857799,1437
4041378,1438
4308615,1439
1972574,1440
2263061,1441
1426181,1442
3947776,1443
2407503,1444
3321366,1445
399516,1446
931299,1447
3039205,1448
2931481,1449
3458229,1450
76746,1451
1424630,1452
3845015,1453
3715007,1454
1708663,1455
2052518,1456
1279904,1457
277168,1458
3243154,1459
1997841,1460
3395541,1461
3412592,1462
3974027,1463
165415,1464
3723211,1465
2307934,1466
4393895,1467
1757724,1468
1538826,1469
3707240,1470
1427162,1471
3556993,1472
2430007,1473
2383540,1474
34866,1475
943793,1476
2032651,1477
973920,1478
2517971,1479
195430,1480
4576725,1481
3286409,1482
1284361,1483
597284,1484
787860,1485
2775417,1486
4002865,1487
4391600,1488
3994500,1489
1242693,1490
4216538,1491
4245788,1492
2410541,1493
2109847,1494
1674604,1495
2515044,1496
92605,1497
3209221,1498
732320,1499
3088136,1500
1372880,1501
4082053,1502
3557516,1503
592584,1504
2021533,1505
31780,1506
1416969,1507
3220172,1508
2623310,1509
1206967,1510
4493680,1511
2148339,1512
1204519,1513
1484215,1514
331605,1515
3050685,1516
2423861,1517
1640135,1518
2789455,1519
1751902,1520
4228635,1521
3059478,1522
1901652,1523
1845694,1524
4549587,1525
3292087,1526
91984,1527
1395284,1528
4151211,1529
642559,1530
3728512,1531
1769232,1532
618793,1533
1359719,1534
2255172,1535
1405333,1536
503761,1537
1238597,1538
2885875,1539
2881793,1540
3039705,1541
1846039,1542
1909821,1543
425546,1544
1309703,1545
657988,1546
1598067,1547
1761703,1548
1427375,1549
3796557,1550
4298526,1551
3242791,1552
3269070,1553
2766461,1554
2573239,1555
4437897,1556
3868748,1557
492593,1558
1927293,1559
3646462,1560
842411,1561
1530696,1562
3069610,1563
3827111,1564
916379,1565
3718028,1566
2162817,1567
2140156,1568
2100408,1569
174758,1570
4088709,1571
3963673,1572
2469291,1573
2529785,1574
3948498,1575
209737,1576
2890622,1577
3294368,1578
2034096,1579
4467905,1580
711846,1581
43756,1582
4383242,1583
3994077,1584
4092329,1585
1996993,1586
4264807,1587
4283680,1588
3066332,1589
2797857,1590
4024890,1591
1260868,1592
1817280,1593
198034,1594
203637,1595
2056402,1596
684003,1597
2447454,1598
4214366,1599
4389081,1600
1037087,1601
46678,1602
112431,1603
1378800,1604
758410,1605
2167980,1606
4562446,1607
3892199,1608
3932377,1609
2300562,1610
2356263,1611
3834248,1612
2845394,1613
231152,1614
601122,1615
1193620,1616
4122406,1617
179647,1618
787007,1619
1924021,1620
3733118,1621
2020832,1622
684212,1623
2083509,1624
645893,1625
2387291,1626
1991206,1627
1396620,1628
3509023,1629
1043730,1630
1746829,1631
606302,1632
2419550,1633
4376685,1634
689679,1635
1130887,1636
977623,1637
2980907,1638
1234766,1639
225501,1640
3435264,1641
701288,1642
178582,1643
239444,1644
251836,1645
99031,1646
2590049,1647
64038,1648
4274000,1649
627337,1650
4131872,1651
3328210,1652
4173513,1653
2606873,1654
942091,1655
2593531,1656
2761131,1657
75540,1658
2200295,1659
1519897,1660
4503871,1661
3015937,1662
1803745,1663
1861068,1664
999152,1665
2345089,1666
749913,1667
2022600,1668
1871558,1669
851868,1670
3587614,1671
4487341,1672
971400,1673
869768,1674
70049,1675
3769741,1676
2737587,1677
2811462,1678
2924143,1679
2666042,1680
415821,1681
2064296,1682
1062592,1683
769358,1684
1050454,1685
273805,1686
2161120,1687
755948,1688
656790,1689
283291,1690
1216953,1691
2309731,1692
1556405,1693
4382786,1694
3838216,1695
2743345,1696
34458,1697
397403,1698
317837,1699
1636882,1700
3192228,1701
285622,1702
2561178,1703
2903770,1704
3520398,1705
1339572,1706
1657973,1707
187828,1708
4377935,1709
478622,1710
904049,1711
3499439,1712
3944528,1713
4040921,1714
2887658,1715
1832204,1716
2258282,1717
548766,1718
3232875,1719
2512520,1720
3875112,1721
2569932,1722
1491612,1723
482031,1724
3600358,1725
2947637,1726
2767395,1727
2292611,1728
475739,1729
4436204,1730
1746095,1731
3620410,1732
55294,1733
4181623,1734
1780765,1735
3819011,1736
1105841,1737
28821,1738
4441211,1739
2426785,1740
110302,1741
3738142,1742
3240591,1743
517169,1744
2578018,1745
1838366,1746
2495966,1747
1669889,1748
2740277,1749
1688022,1750
2384286,1751
3682084,1752
3181961,1753
4582953,1754
3926442,1755
1295651,1756
2764101,1757
1697027,1758
3262071,1759
3452764,1760
4305724,1761
4522667,1762
3916352,1763
1964126,1764
568400,1765
3586425,1766
201459,1767
546233,1768
3054027,1769
838307,1770
1832184,1771
1151125,1772
3518978,1773
2869463,1774
1369153,1775
3432946,1776
2362008,1777
3000921,1778
1380356,1779
4287404,1780
3509081,1781
903489,1782
2506286,1783
1597612,1784
1635684,1785
3226187,1786
3989671,1787
1721379,1788
3092947,1789
1604815,1790
3497802,1791
2839689,1792
2150950,1793
2190871,1794
767134,1795
3302721,1796
4455965,1797
570307,1798
1172155,1799
2188218,1800
3440399,1801
3201236,1802
2500419,1803
979566,1804
2554798,1805
1304456,1806
4226273,1807
3573642,1808
2358623,1809
1314868,1810
197747,1811
45560,1812
2631177,1813
1394968,1814
285577,1815
1416793,1816
3798169,1817
2722009,1818
3209713,1819
3636270,1820
3116771,1821
1477495,1822
3306582,1823
3819975,1824
2249103,1825
543593,1826
944846,1827
2856334,1828
4266557,1829
3709246,1830
1278756,1831
4558028,1832
3387027,1833
2461264,1834
2419900,1835
457645,1836
1464339,1837
58356,1838
2794172,1839
809092,1840
3948714,1841
3329841,1842
1971244,1843
1015497,1844
3350417,1845
192570,1846
2336726,1847
3703162,1848
3990254,1849
774045,1850
4459771,1851
2715650,1852
320694,1853
1546884,1854
3874265,1855
3938267,1856
4452194,1857
3825965,1858
1525180,1859
2053727,1860
3427728,1861
3024883,1862
1461836,1863
883551,1864
4463596,1865
2793355,1866
144846,1867
3936802,1868
3801112,1869
2614447,1870
3827858,1871
4524167,1872
4086355,1873
2260218,1874
3487641,1875
1409724,1876
1634415,1877
1288490,1878
2402268,1879
4100731,1880
3225291,1881
3036019,1882
4024372,1883
1720363,1884
1133980,1885
4039300,1886
3857114,1887
731208,1888
1866105,1889
170173,1890
4480711,1891
4011133,1892
4066465,1893
3556782,1894
1351938,1895
3137599,1896
1133320,1897
1669564,1898
3128053,1899
3852879,1900
760783,1901
1189662,1902
3325690,1903
3584181,1904
2397330,1905
3057121,1906
2113431,1907
1925864,1908
2705951,1909
3618072,1910
2876545,1911
1744356,1912
3815052,1913
1029872,1914
3597439,1915
1768068,1916
3705605,1917
1727022,1918
2061048,1919
4327343,1920
4284137,1921
50916,1922
2006779,1923
3165479,1924
3487465,1925
62942,1926
1935407,1927
3910358,1928
3607018,1929
2921824,1930
1426727,1931
3241457,1932
1467531,1933
2115846,1934
4316979,1935
1226409,1936
4569756,1937
3781387,1938
1540788,1939
3466544,1940
1210814,1941
4561763,1942
604369,1943
4372318,1944
3065718,1945
1086009,1946
299538,1947
461601,1948
1642277,1949
3949854,1950
3559428,1951
3665606,1952
974937,1953
1464975,1954
111206,1955
1190448,1956
2144703,1957
2971982,1958
215480,1959
607968,1960
2225949,1961
514549,1962
1282238,1963
972718,1964
628370,1965
620074,1966
2182712,1967
2766080,1968
65665,1969
3227933,1970
2508934,1971
3652648,1972
3971261,1973
1273058,1974
1775869,1975
468314,1976
2500795,1977
4148595,1978
23183,1979
543423,1980
368635,1981
1763403,1982
3017570,1983
1951919,1984
1650540,1985
3772375,1986
3595755,1987
2809854,1988
61627,1989
4173042,1990
3313665,1991
2284139,1992
1197269,1993
2821763,1994
2299508,1995
3290142,1996
1798516,1997
1762680,1998
3702924,1999
2150394,2000
2184983,2001
1151528,2002
1325842,2003
301621,2004
941317,2005
3372393,2006
1224885,2007
1948943,2008
4013756,2009
4114141,2010
137367,2011
1768301,2012
2010448,2013
4397408,2014
960389,2015
4392823,2016
3324217,2017
2810794,2018
4349245,2019
2085991,2020
3602441,2021
2015874,2022
4069388,2023
2532931,2024
408669,2025
3632311,2026
994093,2027
1989117,2028
1455786,2029
1130570,2030
3017279,2031
296398,2032
1974584,2033
935491,2034
2645137,2035
496802,2036
1858712,2037
505088,2038
243880,2039
2964664,2040
1727707,2041
1181429,2042
551926,2043
339255,2044
3466357,2045
1716285,2046
4447820,2047
4159988,2048
4195914,2049
2019759,2050
2211809,2051
4308641,2052
2139387,2053
868152,2054
1700764,2055
3831011,2056
2909551,2057
2594203,2058
3883680,2059
2151858,2060
1227022,2061
2124505,2062
2338198,2063
822375,2064
1266799,2065
792524,2066
2153338,2067
2136916,2068
1261440,2069
1473187,2070
1675000,2071
2645501,2072
624318,2073
379153,2074
3354144,2075
3074680,2076
3427275,2077
3168726,2078
3491943,2079
4549863,2080
2043215,2081
925403,2082
4469380,2083
1853491,2084
1007156,2085
1565648,2086
3484493,2087
3932921,2088
4369143,2089
2508505,2090
3362418,2091
4217553,2092
213169,2093
3431212,2094
3992178,2095
2299402,2096
2739658,2097
2065709,2098
2097719,2099
738301,2100
1663636,2101
297590,2102
2240986,2103
1605307,2104
796248,2105
867670,2106
4179000,2107
532560,2108
2171926,2109
3345371,2110
1258610,2111
617077,2112
3197283,2113
2200181,2114
646541,2115
3054555,2116
1296127,2117
2660030,2118
908663,2119
3224758,2120
1097150,2121
3666708,2122
3112647,2123
223196,2124
976804,2125
929086,2126
2775451,2127
710663,2128
98359,2129
1234257,2130
1838313,2131
5452,2132
368919,2133
3533746,2134
1316173,2135
1136656,2136
161259,2137
3862277,2138
2788194,2139
1639789,2140
4181175,2141
3490224,2142
1289086,2143
1991434,2144
48934,2145
3503058,2146
764073,2147
1426145,2148
3086899,2149
1671197,2150
2485107,2151
1841057,2152
3105570,2153
3242841,2154
525336,2155
2134935,2156
3839123,2157
2163083,2158
790232,2159
1214687,2160
2466914,2161
1913940,2162
205304,2163
3162558,2164
3562174,2165
3374754,2166
1862312,2167
3495740,2168
2320950,2169
807663,2170
1710819,2171
4375914,2172
1633310,2173
1035905,2174
116280,2175
90449,2176
2776658,2177
3841757,2178
4042862,2179
732958,2180
3851990,2181
2242105,2182
672475,2183
2238602,2184
1284893,2185
4356252,2186
628321,2187
3438043,2188
341984,2189
59878,2190
3490916,2191
1968875,2192
1726530,2193
503790,2194
1013546,2195
709692,2196
1508916,2197
1477425,2198
3256528,2199
4075786,2200
598236,2201
3606263,2202
4309836,2203
366342,2204
3868946,2205
2768036,2206
1884367,2207
2168532,2208
2925816,2209
649727,2210
1619956,2211
4075323,2212
1624930,2213
3673221,2214
1285390,2215
3958745,2216
23302,2217
935969,2218
3182738,2219
3377750,2220
1454561,2221
3221536,2222
2761836,2223
1267287,2224
1773105,2225
517734,2226
3895452,2227
715711,2228
3511734,2229
4506260,2230
2196170,2231
1491690,2232
3039000,2233
1279596,2234
3111569,2235
1229217,2236
3645747,2237
288376,2238
3205526,2239
679416,2240
1654629,2241
722573,2242
3007857,2243
3726542,2244
1857921,2245
4236792,2246
3218667,2247
3618773,2248
239872,2249
2120980,2250
2294217,2251
2912912,2252
4170637,2253
1898461,2254
291120,2255
1586797,2256
2034524,2257
2094395,2258
3296575,2259
557103,2260
2947578,2261
3384805,2262
860972,2263
86872,2264
3245711,2265
2913593,2266
3760497,2267
1697401,2268
3619277,2269
2708327,2270
3107718,2271
86703,2272
4357349,2273
2788092,2274
3723641,2275
3255176,2276
3533788,2277
3498937,2278
314318,2279
4038722,2280
3627180,2281
1551083,2282
2654568,2283
2592331,2284
4409616,2285
2539580,2286
4145986,2287
3124869,2288
3599430,2289
2893261,2290
3206753,2291
2726849,2292
3731427,2293
4182900,2294
1858607,2295
1647742,2296
4073639,2297
713579,2298
1743873,2299
2429721,2300
1582225,2301
3167868,2302
2055062,2303
4498297,2304
1296269,2305
1421688,2306
370640,2307
3087774,2308
2330088,2309
740659,2310
1463549,2311
4230310,2312
125952,2313
1678894,2314
188350,2315
3291897,2316
4303607,2317
425305,2318
2555821,2319
2981665,2320
1055619,2321
3504994,2322
723655,2323
2337835,2324
2211386,2325
2954056,2326
1442337,2327
3456931,2328
2467965,2329
3882848,2330
3734026,2331
3898907,2332
3934164,2333
32132,2334
3930062,2335
38795,2336
782986,2337
3801083,2338
2617105,2339
40831,2340
3017535,2341
3510874,2342
4364139,2343
4397263,2344
2664554,2345
139014,2346
2276240,2347
4405706,2348
1228111,2349
3437851,2350
2382386,2351
3756111,2352
4459337,2353
3592235,2354
2428262,2355
4323739,2356
632948,2357
4307763,2358
1901902,2359
3257300,2360
1035046,2361
1314232,2362
3750665,2363
2064619,2364
4329836,2365
1410339,2366
2454718,2367
1549178,2368
3572063,2369
536177,2370
3281674,2371
2291739,2372
1507863,2373
3344375,2374
3137670,2375
3760728,2376
1415116,2377
1388853,2378
1733391,2379
1323167,2380
796731,2381
23359,2382
4052776,2383
2114762,2384
3640406,2385
117938,2386
1129433,2387
2318574,2388
1713581,2389
2377297,2390
903913,2391
3851519,2392
2772054,2393
2751107,2394
3912349,2395
2998552,2396
1392714,2397
4151088,2398
2077669,2399
4439671,2400
3126056,2401
1897232,2402
1652835,2403
3259973,2404
4375534,2405
181389,2406
4103153,2407
447543,2408
3472807,2409
1622476,2410
2788713,2411
2425600,2412
4118514,2413
3397654,2414
3085937,2415
3288413,2416
3247277,2417
4240054,2418
2345319,2419
4026666,2420
999784,2421
1520509,2422
1912548,2423
3235571,2424
3329739,2425
690795,2426
3501298,2427
2279823,2428
2783563,2429
1466685,2430
3334180,2431
3466519,2432
2483504,2433
2355950,2434
1383289,2435
3980213,2436
951381,2437
4492352,2438
644507,2439
137324,2440
815335,2441
1726797,2442
4403880,2443
1486644,2444
3281248,2445
2952266,2446
3562112,2447
3386231,2448
3023044,2449
2954864,2450
3138735,2451
3154954,2452
1515660,2453
2689861,2454
1252596,2455
3661316,2456
1812989,2457
695299,2458
4236191,2459
1269740,2460
4033961,2461
2949332,2462
4149453,2463
2774569,2464
1705649,2465
2057285,2466
2557860,2467
2732218,2468
2326263,2469
485954,2470
4538312,2471
726796,2472
2769681,2473
3940977,2474
136914,2475
3533042,2476
4111873,2477
3669898,2478
4346351,2479
4467744,2480
4423181,2481
1166330,2482
1628986,2483
1475910,2484
33478,2485
4477766,2486
3947929,2487
738335,2488
2021194,2489
2395625,2490
4133956,2491
1098766,2492
2388690,2493
3150513,2494
1839440,2495
3403566,2496
116303,2497
2292299,2498
2767492,2499
3404293,2500
4384942,2501
1421086,2502
267071,2503
2104729,2504
3790527,2505
3404569,2506
1883446,2507
4299037,2508
1394181,2509
2945867,2510
1852869,2511
315171,2512
4229504,2513
2792724,2514
4213773,2515
2953025,2516
2566595,2517
3268798,2518
1453559,2519
3286499,2520
3550141,2521
3185846,2522
960935,2523
720116,2524
4140425,2525
1542937,2526
3006972,2527
3318993,2528
4542997,2529
1053671,2530
4307807,2531
3036539,2532
1398844,2533
1125967,2534
3720396,2535
2003090,2536
2124733,2537
291466,2538
43249,2539
3829243,2540
2202904,2541
3735096,2542
1281502,2543
3026440,2544
2434277,2545
2056089,2546
2950424,2547
2062103,2548
2769859,2549
3914955,2550
1309022,2551
3676059,2552
4137009,2553
1104373,2554
4071773,2555
799362,2556
2218399,2557
3355837,2558
823579,2559
1601282,2560
1622659,2561
4176378,2562
2564333,2563
593013,2564
745292,2565
2850278,2566
1463156,2567
529101,2568
3275235,2569
3490777,2570
1226958,2571
513325,2572
2374161,2573
1437930,2574
405520,2575
830909,2576
3767391,2577
1007167,2578
3181695,2579
4404762,2580
879318,2581
3568248,2582
1960078,2583
1572224,2584
4289281,2585
1478006,2586
460554,2587
64179,2588
2099442,2589
3413328,2590
1103117,2591
2470401,2592
1672461,2593
3896313,2594
606773,2595
4397109,2596
944100,2597
1197885,2598
1377742,2599
4099058,2600
3891942,2601
3431155,2602
3329781,2603
3266643,2604
4178452,2605
3506522,2606
1556512,2607
321470,2608
3129777,2609
52995,2610
3619463,2611
3202723,2612
1248479,2613
2984686,2614
2339003,2615
885687,2616
3534618,2617
2790305,2618
3013849,2619
1229014,2620
460872,2621
2617359,2622
1358163,2623
1563172,2624
1326688,2625
4114371,2626
442482,2627
1430173,2628
1439720,2629
3456857,2630
2096039,2631
379323,2632
1307798,2633
183325,2634
1298749,2635
3848624,2636
4022438,2637
3831886,2638
306730,2639
284804,2640
1845551,2641
1260883,2642
1751204,2643
1950797,2644
2433369,2645
4551082,2646
1287438,2647
3718335,2648
3963321,2649
923095,2650
4346151,2651
1836819,2652
2653039,2653
3028041,2654
3657859,2655
4461789,2656
3455694,2657
1428118,2658
744179,2659
2470070,2660
240031,2661
33374,2662
71851,2663
2641841,2664
243958,2665
4256572,2666
1512385,2667
858179,2668
3965580,2669
2462021,2670
2525426,2671
1446226,2672
2286503,2673
4458724,2674
920900,2675
3734460,2676
4537240,2677
213335,2678
306288,2679
1126353,2680
1895683,2681
1646320,2682
3626685,2683
1803369,2684
1427075,2685
1816747,2686
2843130,2687
1339175,2688
303067,2689
2060447,2690
3901041,2691
176306,2692
1295571,2693
2838832,2694
2784932,2695
2034252,2696
3189326,2697
3825329,2698
631137,2699
883661,2700
2144926,2701
2029933,2702
3026386,2703
449312,2704
3756865,2705
4346609,2706
3594080,2707
258825,2708
4327219,2709
3762211,2710
244498,2711
2705727,2712
301624,2713
2201803,2714
2002979,2715
606213,2716
3149047,2717
772533,2718
2459321,2719
1591019,2720
4082320,2721
3106946,2722
2933351,2723
3297965,2724
3371610,2725
2254343,2726
1761338,2727
4189778,2728
2908044,2729
884148,2730
3765251,2731
2534503,2732
3298923,2733
3974038,2734
1671593,2735
2508871,2736
2783120,2737
531236,2738
4459377,2739
4220359,2740
1390337,2741
1572361,2742
3676754,2743
663480,2744
3908935,2745
3039749,2746
1629670,2747
2188688,2748
3028962,2749
1394787,2750
3692490,2751
1888021,2752
3630489,2753
426392,2754
1464750,2755
2626114,2756
256223,2757
477189,2758
6314,2759
4106789,2760
3680443,2761
1924308,2762
991691,2763
720717,2764
2022848,2765
1458488,2766
3753691,2767
2410739,2768
662041,2769
3863023,2770
1434010,2771
453967,2772
3541703,2773
3391339,2774
506503,2775
4370286,2776
4268028,2777
4113996,2778
2273351,2779
3639470,2780
2506076,2781
3266432,2782
1104167,2783
2207335,2784
1875461,2785
2294850,2786
4026637,2787
3903065,2788
1921985,2789
3135270,2790
2588689,2791
2450101,2792
2735121,2793
3227036,2794
2261805,2795
1289112,2796
422218,2797
2578822,2798
4297554,2799
507612,2800
251536,2801
2210903,2802
4558347,2803
3327054,2804
3697646,2805
565636,2806
2379249,2807
2290100,2808
3019953,2809
3387393,2810
4281150,2811
761588,2812
3278227,2813
625494,2814
291494,2815
3677114,2816
1738740,2817
444346,2818
4238603,2819
4130403,2820
1080894,2821
2146005,2822
65903,2823
1233895,2824
1964335,2825
3433625,2826
4456058,2827
221318,2828
4389216,2829
3690850,2830
563481,2831
2952406,2832
2158819,2833
4231500,2834
948932,2835
100725,2836
2360987,2837
3278255,2838
2910823,2839
3743618,2840
2969837,2841
1054054,2842
3163758,2843
1774708,2844
2618263,2845
3328136,2846
1547243,2847
914666,2848
86942,2849
82450,2850
1435899,2851
2443062,2852
3977147,2853
2681387,2854
2768054,2855
4463615,2856
1832697,2857
1090923,2858
2245512,2859
2580991,2860
2068923,2861
4402279,2862
1533993,2863
4239089,2864
3436151,2865
3163182,2866
3876540,2867
3994470,2868
2916635,2869
1573361,2870
1655987,2871
244199,2872
4385172,2873
3156987,2874
4075107,2875
478379,2876
338399,2877
3750867,2878
2431106,2879
4449637,2880
218173,2881
1746844,2882
973689,2883
3196388,2884
1018366,2885
2922003,2886
4083973,2887
1496767,2888
3329872,2889
3852962,2890
1040176,2891
1958069,2892
2143195,2893
1966021,2894
4503838,2895
1951147,2896
2180899,2897
2263009,2898
3330076,2899
1828073,2900
3092103,2901
4506924,2902
4286967,2903
501159,2904
569851,2905
2840852,2906
4353052,2907
258622,2908
3608895,2909
4407330,2910
1284661,2911
2636761,2912
3917449,2913
4155308,2914
2256719,2915
4161487,2916
3150296,2917
2455761,2918
2905077,2919
1842605,2920
1343414,2921
1696188,2922
519535,2923
2216034,2924
4258338,2925
2337156,2926
1077976,2927
1682170,2928
4262908,2929
4199504,2930
2715236,2931
1208803,2932
915872,2933
562962,2934
3112863,2935
4333947,2936
1517588,2937
2636830,2938
3026176,2939
2935185,2940
4502913,2941
1071201,2942
1541714,2943
2742659,2944
2788994,2945
3865435,2946
572316,2947
3940333,2948
527102,2949
3740918,2950
2629622,2951
807892,2952
2998048,2953
4581939,2954
1241466,2955
3100352,2956
1429224,2957
13175,2958
4109131,2959
2936790,2960
1595394,2961
3506299,2962
3300545,2963
2776751,2964
1993610,2965
1714413,2966
979631,2967
309439,2968
4484298,2969
350651,2970
420425,2971
4158262,2972
3752602,2973
1577738,2974
1566724,2975
4018428,2976
2341034,2977
3377067,2978
1124842,2979
907764,2980
2860831,2981
4433527,2982
4568103,2983
3786145,2984
1247299,2985
3145631,2986
2808289,2987
1866002,2988
1950321,2989
3521799,2990
3050920,2991
2357688,2992
2465295,2993
958204,2994
502389,2995
3983441,2996
3377178,2997
4258347,2998
1839322,2999
4207336,3000
3173090,3001
577140,3002
2632039,3003
479017,3004
3981042,3005
2182009,3006
4244395,3007
521654,3008
4551795,3009
4429762,3010
3844222,3011
668778,3012
903847,3013
80462,3014
3159002,3015
4027485,3016
3366254,3017
2238122,3018
3514897,3019
912496,3020
4528202,3021
4114960,3022
2733489,3023
2247704,3024
3754587,3025
4421717,3026
1454092,3027
3808028,3028
3299369,3029
4200774,3030
4516586,3031
2666329,3032
2487440,3033
2510942,3034
2068613,3035
2166084,3036
1742637,3037
3818428,3038
1552065,3039
3100145,3040
441652,3041
63110,3042
1095928,3043
2491237,3044
2648716,3045
4479613,3046
961204,3047
1670785,3048
2540083,3049
1937539,3050
2127000,3051
1764638,3052
1750423,3053
286145,3054
4148816,3055
600276,3056
4545381,3057
2020144,3058
3294133,3059
637527,3060
3908404,3061
4142874,3062
487365,3063
1774336,3064
180527,3065
1468279,3066
2196279,3067
3857119,3068
2584032,3069
1748072,3070
2549959,3071
652592,3072
1731320,3073
4182883,3074
4162864,3075
3772569,3076
2439640,3077
3103818,3078
2726879,3079
423943,3080
1700953,3081
4206333,3082
3920541,3083
4313516,3084
2923819,3085
239974,3086
3358152,3087
2097112,3088
67238,3089
831615,3090
3697223,3091
3015837,3092
3078006,3093
617000,3094
583764,3095
29913,3096
821376,3097
2733323,3098
2494367,3099
516969,3100
1892411,3101
4392303,3102
1990023,3103
3535395,3104
3755915,3105
274118,3106
1360888,3107
3235000,3108
2084716,3109
2169865,3110
2439118,3111
1951825,3112
456742,3113
4061384,3114
2315620,3115
630417,3116
1153297,3117
1229475,3118
122376,3119
3138202,3120
4259604,3121
2185836,3122
3447727,3123
1000359,3124
814447,3125
1855495,3126
1708747,3127
789130,3128
173944,3129
666301,3130
1185499,3131
3085676,3132
4146334,3133
1866712,3134
3828536,3135
393943,3136
3575048,3137
11360,3138
3051053,3139
1346372,3140
358336,3141
270501,3142
2034546,3143
1683975,3144
1641420,3145
1091333,3146
985507,3147
942212,3148
2066917,3149
1908812,3150
1427695,3151
2272570,3152
2021989,3153
1747891,3154
1251597,3155
1486283,3156
2169473,3157
3392138,3158
20536,3159
3171341,3160
3551662,3161
1815126,3162
1415446,3163
2511583,3164
2498487,3165
2974662,3166
4001995,3167
1200034,3168
4095137,3169
4290170,3170
109289,3171
1688437,3172
2039740,3173
2330574,3174
1902330,3175
2058648,3176
516631,3177
56191,3178
4340225,3179
1133069,3180
19101,3181
2260440,3182
202655,3183
2432318,3184
1880278,3185
1633903,3186
589455,3187
3071263,3188
508345,3189
2994631,3190
2110731,3191
2276043,3192
1684545,3193
2561959,3194
3316931,3195
2572561,3196
140856,3197
4070241,3198
2384889,3199
4480105,3200
212415,3201
2337600,3202
113389,3203
1135309,3204
3917906,3205
3425323,3206
3187490,3207
1137959,3208
3033256,3209
4496009,3210
3242842,3211
2311669,3212
1943763,3213
2082526,3214
633718,3215
4384650,3216
2277780,3217
2579786,3218
1509287,3219
24363,3220
1540381,3221
100515,3222
4420475,3223
963839,3224
4433270,3225
57636,3226
2348687,3227
3473595,3228
3660717,3229
24427,3230
2258682,3231
1890653,3232
2411775,3233
4229003,3234
1218402,3235
2995614,3236
187936,3237
35700,3238
2989055,3239
642466,3240
1121435,3241
706502,3242
753121,3243
1812938,3244
1377235,3245
4270857,3246
798927,3247
127856,3248
3661991,3249
2017459,3250
491730,3251
4158779,3252
1342193,3253
3518385,3254
2635172,3255
2711443,3256
956337,3257
1616484,3258
2191184,3259
2951436,3260
4472037,3261
2427033,3262
2397347,3263
919430,3264
2004233,3265
2845322,3266
2853875,3267
1511998,3268
723664,3269
2832979,3270
226494,3271
2212940,3272
3728766,3273
2675654,3274
4158161,3275
1764013,3276
2127168,3277
1114989,3278
2102498,3279
3998272,3280
402261,3281
3675805,3282
2466462,3283
4093868,3284
2987969,3285
627240,3286
3691446,3287
2854941,3288
2885053,3289
3290432,3290
3721740,3291
270735,3292
2707423,3293
1768787,3294
2645199,3295
3529412,3296
3671352,3297
703742,3298
3659734,3299
1882106,3300
3373997,3301
4327881,3302
2504330,3303
1243304,3304
2972435,3305
3297350,3306
1668681,3307
573610,3308
2117739,3309
3778551,3310
563893,3311
2487275,3312
4215271,3313
158173,3314
2045576,3315
610089,3316
3731070,3317
2858548,3318
1770732,3319
1440237,3320
2430936,3321
325135,3322
2414047,3323
3060757,3324
248799,3325
2526219,3326
766025,3327
3379537,3328
4242389,3329
650659,3330
2993383,3331
2865242,3332
2088573,3333
2020251,3334
3777176,3335
3326959,3336
1583607,3337
4553067,3338
4032332,3339
2071756,3340
4077072,3341
1722834,3342
79901,3343
2725330,3344
2342166,3345
1678848,3346
3749072,3347
4512447,3348
758992,3349
2932272,3350
3004657,3351
2861214,3352
3414661,3353
298356,3354
3858163,3355
816998,3356
2102250,3357
115495,3358
2749884,3359
4468008,3360
2416001,3361
196278,3362
2900334,3363
243810,3364
1849364,3365
1121600,3366
1536792,3367
1913560,3368
3017668,3369
4323320,3370
3395411,3371
4465561,3372
3215974,3373
1927590,3374
11165,3375
195950,3376
2787777,3377
3242436,3378
2761436,3379
2160367,3380
1968357,3381
4549023,3382
777892,3383
3620648,3384
1200637,3385
2411704,3386
543908,3387
3900777,3388
2032125,3389
429359,3390
3818321,3391
743077,3392
2053770,3393
2309214,3394
2487110,3395
2086562,3396
998072,3397
2889696,3398
314189,3399
3314912,3400
3983273,3401
1577056,3402
1423101,3403
1607366,3404
2629444,3405
4001540,3406
3376322,3407
2540898,3408
3676272,3409
561027,3410
2933897,3411
3578014,3412
496647,3413
2695433,3414
4345759,3415
3315962,3416
1944899,3417
1508044,3418
3555068,3419
1105863,3420
516654,3421
1174618,3422
1108105,3423
352325,3424
3347266,3425
4580652,3426
427874,3427
3109407,3428
2474038,3429
490167,3430
3209380,3431
1623284,3432
1477928,3433
2252803,3434
3939477,3435
3076673,3436
2486073,3437
887271,3438
180492,3439
1857531,3440
542163,3441
4438193,3442
3951551,3443
259369,3444
3636041,3445
810158,3446
3753058,3447
2734525,3448
1541003,3449
3346275,3450
4326778,3451
2952682,3452
3953698,3453
2627346,3454
2272433,3455
645418,3456
898298,3457
1103394,3458
4408771,3459
1615517,3460
251672,3461
1359866,3462
145186,3463
2429903,3464
1858860,3465
289976,3466
2269266,3467
2993462,3468
3793957,3469
4556434,3470
4245173,3471
2443871,3472
2198633,3473
1829941,3474
3581889,3475
1807846,3476
152049,3477
1572725,3478
115481,3479
1524093,3480
951581,3481
417064,3482
1533899,3483
896710,3484
3831071,3485
734061,3486
182854,3487
4306540,3488
426104,3489
2555249,3490
3499536,3491
191860,3492
597532,3493
1079954,3494
1545742,3495
2456364,3496
3140497,3497
2180222,3498
2691785,3499
3984045,3500
2508213,3501
3288260,3502
289576,3503
2608422,3504
4097658,3505
2034268,3506
189085,3507
1099911,3508
4070938,3509
2908350,3510
3828581,3511
2694433,3512
1377217,3513
4198994,3514
2666163,3515
1700319,3516
2884217,3517
1305528,3518
1377236,3519
1753817,3520
1460736,3521
1792015,3522
3487457,3523
522681,3524
2902317,3525
3697190,3526
772544,3527
1267414,3528
2065534,3529
542867,3530
338649,3531
3111718,3532
263249,3533
1710767,3534
226624,3535
646807,3536
4574328,3537
2298127,3538
2211174,3539
3634620,3540
4365876,3541
1711161,3542
3720668,3543
3523471,3544
2832529,3545
36894,3546
2949573,3547
3065477,3548
1329348,3549
3312951,3550
693990,3551
640563,3552
453873,3553
4368320,3554
4515648,3555
1453173,3556
2878189,3557
4070622,3558
3338336,3559
1497884,3560
1632702,3561
2108580,3562
3621693,3563
2132611,3564
493516,3565
1295409,3566
1276724,3567
3185396,3568
4191562,3569
3412577,3570
3201772,3571
4567570,3572
4106382,3573
3357783,3574
4060747,3575
4478064,3576
4302112,3577
3963141,3578
2058817,3579
1239457,3580
392294,3581
3894317,3582
4023737,3583
2796612,3584
4535344,3585
1571562,3586
2609291,3587
1922221,3588
2155321,3589
2754009,3590
3701957,3591
3944501,3592
2139035,3593
1904743,3594
850560,3595
4014951,3596
1217653,3597
286671,3598
2753358,3599
2757963,3600
2159166,3601
1099986,3602
1866438,3603
374827,3604
1911831,3605
2663985,3606
4195968,3607
4072503,3608
2881534,3609
1914532,3610
589683,3611
3316324,3612
1359711,3613
799173,3614
4165939,3615
1326895,3616
3733436,3617
1731875,3618
1601969,3619
2039086,3620
3671147,3621
657087,3622
3266986,3623
2125314,3624
242455,3625
4107625,3626
135745,3627
2620966,3628
2475025,3629
1495172,3630
2383555,3631
3442376,3632
1686214,3633
4051392,3634
331889,3635
10774,3636
4514662,3637
4276369,3638
600392,3639
1103001,3640
1790192,3641
4337165,3642
2237152,3643
676993,3644
3730477,3645
3970426,3646
2116498,3647
259837,3648
2172583,3649
117456,3650
475798,3651
1306507,3652
1497031,3653
3268109,3654
451947,3655
475730,3656
405663,3657
2548221,3658
3143003,3659
3128754,3660
88505,3661
633079,3662
3358014,3663
417446,3664
3525710,3665
1513740,3666
1591521,3667
4161011,3668
685242,3669
3424581,3670
4382711,3671
4005472,3672
2411563,3673
770064,3674
4149282,3675
2196919,3676
2281628,3677
4354582,3678
1408804,3679
308236,3680
3799231,3681
216409,3682
4426767,3683
2831635,3684
1264802,3685
2266169,3686
1444807,3687
3248244,3688
1991165,3689
1349747,3690
1465860,3691
237169,3692
4083203,3693
3842430,3694
1004057,3695
4319915,3696
4240757,3697
2495341,3698
2853890,3699
2038249,3700
2090708,3701
240235,3702
3268297,3703
2451751,3704
1470209,3705
1973239,3706
2796641,3707
2847219,3708
4334364,3709
1042173,3710
78875,3711
4571404,3712
1604803,3713
3207389,3714
3742710,3715
2510088,3716
2590721,3717
4100459,3718
644473,3719
749542,3720
3060513,3721
4404579,3722
4090025,3723
759007,3724
352165,3725
1648929,3726
3372425,3727
1480051,3728
1561665,3729
3966566,3730
2167452,3731
4489917,3732
2063722,3733
2460241,3734
1385958,3735
2375469,3736
1348413,3737
3354708,3738
3771851,3739
1692054,3740
2807944,3741
97294,3742
4530023,3743
2721496,3744
3567000,3745
3783721,3746
114363,3747
4240613,3748
4194622,3749
2387238,3750
3344527,3751
4237392,3752
610968,3753
3112107,3754
4136300,3755
2717445,3756
779220,3757
1697616,3758
576287,3759
2429171,3760
762599,3761
4505952,3762
3587339,3763
2103647,3764
2452140,3765
4046304,3766
3492816,3767
4129572,3768
99231,3769
1855913,3770
749248,3771
983381,3772
106575,3773
4277362,3774
1731525,3775
321233,3776
1515389,3777
1429213,3778
4410707,3779
3943374,3780
92114,3781
2684999,3782
1648978,3783
3201547,3784
2139701,3785
30993,3786
486520,3787
1131531,3788
1753878,3789
2932401,3790
3519073,3791
2261671,3792
3357540,3793
4396618,3794
2489491,3795
1024131,3796
2932493,3797
3293668,3798
1288800,3799
3031818,3800
21113,3801
2134204,3802
92337,3803
1291446,3804
100993,3805
6072,3806
2619504,3807
2799731,3808
3169593,3809
2782968,3810
172930,3811
1489323,3812
3828966,3813
3128483,3814
3685500,3815
3624526,3816
464761,3817
1739800,3818
1704605,3819
952724,3820
4541580,3821
2018282,3822
3947857,3823
3464213,3824
3885120,3825
1657403,3826
3722746,3827
1054773,3828
3466472,3829
3375224,3830
569785,3831
2489288,3832
2255195,3833
841741,3834
3482568,3835
1055823,3836
3415223,3837
3994764,3838
4038503,3839
3017101,3840
169849,3841
1584278,3842
3519722,3843
4429025,3844
879976,3845
2433416,3846
374908,3847
685317,3848
1062709,3849
1504039,3850
569460,3851
2703955,3852
4501345,3853
3903461,3854
893664,3855
3808503,3856
743671,3857
4502525,3858
1191912,3859
306464,3860
4252474,3861
165917,3862
3911955,3863
391975,3864
174832,3865
4473131,3866
1413008,3867
1428011,3868
588864,3869
1514987,3870
856329,3871
363454,3872
1245956,3873
3656840,3874
3583202,3875
3371566,3876
577216,3877
1435550,3878
1010178,3879
4271817,3880
1438241,3881
1236309,3882
3229117,3883
1028523,3884
2753144,3885
1613710,3886
3075935,3887
2998912,3888
1204909,3889
1229635,3890
2512557,3891
2052767,3892
2119765,3893
1098608,3894
2926629,3895
4341824,3896
3380105,3897
3329916,3898
2255701,3899
2565819,3900
3693536,3901
1225446,3902
2290345,3903
59380,3904
3592229,3905
3735089,3906
811931,3907
4064707,3908
1805650,3909
4578207,3910
4008629,3911
4159706,3912
390979,3913
2683799,3914
2928445,3915
2973195,3916
483565,3917
1748222,3918
883945,3919
2525421,3920
3049158,3921
3992366,3922
2989567,3923
3294500,3924
2779677,3925
1661134,3926
663739,3927
2499636,3928
751294,3929
3455926,3930
385141,3931
2969898,3932
1954180,3933
712219,3934
1929016,3935
231470,3936
3002175,3937
3843067,3938
3862953,3939
2740143,3940
1999442,3941
372711,3942
3858147,3943
3985564,3944
3713741,3945
2736343,3946
2313151,3947
2281370,3948
311731,3949
2672888,3950
3850241,3951
1434297,3952
254563,3953
3903144,3954
189541,3955
2276181,3956
1842488,3957
3708481,3958
968555,3959
745198,3960
4016992,3961
1116542,3962
976257,3963
2669989,3964
853287,3965
177054,3966
192725,3967
4479759,3968
4274291,3969
2932128,3970
77608,3971
4404025,3972
463028,3973
1216142,3974
2194853,3975
1565749,3976
2081387,3977
2898669,3978
2335470,3979
3033358,3980
3419420,3981
796797,3982
4517108,3983
4052002,3984
1312552,3985
1525814,3986
2151834,3987
3872048,3988
2915583,3989
1350607,3990
4557927,3991
1406256,3992
4453416,3993
1220212,3994
3695072,3995
3034877,3996
3972313,3997
428424,3998
4000258,3999
4035399,4000
36,4001
1349952,4002
2239199,4003
3160233,4004
2102376,4005
257049,4006
4512730,4007
1240984,4008
1638273,4009
978854,4010
898198,4011
1939451,4012
1150161,4013
1694242,4014
4384150,4015
3902281,4016
1823412,4017
2098108,4018
4416478,4019
569970,4020
2996434,4021
2774706,4022
946564,4023
764486,4024
909710,4025
351144,4026
3865074,4027
4455086,4028
3975476,4029
1789737,4030
4006146,4031
3894731,4032
2469867,4033
2596855,4034
3733496,4035
1740999,4036
3037610,4037
1159390,4038
1229434,4039
2650302,4040
4474942,4041
10179,4042
3643321,4043
3520528,4044
2456375,4045
3550553,4046
2755213,4047
4529557,4048
1864223,4049
487233,4050
143718,4051
3120791,4052
1037519,4053
988101,4054
236108,4055
1699507,4056
1632247,4057
3286458,4058
4099521,4059
4138870,4060
1518204,4061
2033287,4062
3983696,4063
4449379,4064
2525166,4065
1800202,4066
3623374,4067
1593510,4068
389325,4069
796365,4070
4228079,4071
3054600,4072
1899071,4073
1461608,4074
4192689,4075
2141250,4076
684677,4077
1514162,4078
1037176,4079
2581444,4080
3050410,4081
2497757,4082
2896178,4083
3544500,4084
3463574,4085
647403,4086
4391321,4087
3632972,4088
4284928,4089
2641808,4090
2520381,4091
2726331,4092
719292,4093
1747561,4094
1310578,4095
1437478,4096
2059908,4097
1565386,4098
1419726,4099
1118291,4100
4287456,4101
3104407,4102
99453,4103
3079439,4104
2093392,4105
3966994,4106
3719325,4107
2982917,4108
1461923,4109
920574,4110
3334197,4111
2284821,4112
768627,4113
4366840,4114
367590,4115
4507046,4116
3920948,4117
3788026,4118
1964398,4119
1549458,4120
2029557,4121
611302,4122
2809945,4123
2456429,4124
356177,4125
1815706,4126
740475,4127
1988879,4128
2476244,4129
781126,4130
2481110,4131
4056458,4132
4252882,4133
3588706,4134
1835537,4135
4392260,4136
913068,4137
1567095,4138
936316,4139
2954862,4140
637406,4141
1558177,4142
1403141,4143
3484719,4144
3133033,4145
876968,4146
2136561,4147
3477895,4148
3673409,4149
4227153,4150
3154191,4151
318702,4152
1454838,4153
44313,4154
2346112,4155
1642422,4156
2362732,4157
774220,4158
1378959,4159
523119,4160
4067351,4161
635970,4162
2154370,4163
4067057,4164
288914,4165
694840,4166
2746802,4167
1964013,4168
1424530,4169
165135,4170
1556981,4171
3940731,4172
2899976,4173
1693856,4174
3726714,4175
4318403,4176
3227442,4177
2553452,4178
1059821,4179
1107482,4180
4158942,4181
1558758,4182
1667325,4183
644948,4184
3448369,4185
1122675,4186
2427330,4187
596364,4188
1599894,4189
3938421,4190
285658,4191
1765405,4192
1874171,4193
3502501,4194
3707677,4195
2252654,4196
191096,4197
34177,4198
3186845,4199
695507,4200
882962,4201
4544925,4202
4110566,4203
1834462,4204
2929428,4205
1880384,4206
1941073,4207
3516274,4208
655817,4209
3729930,4210
4567545,4211
2921840,4212
2260229,4213
2453862,4214
793733,4215
2228607,4216
488290,4217
1849054,4218
3832823,4219
363554,4220
3379626,4221
1875481,4222
1309950,4223
4522723,4224
3638004,4225
1477269,4226
1787623,4227
3578068,4228
661641,4229
2474389,4230
743354,4231
255782,4232
1649337,4233
2676731,4234
903131,4235
3187747,4236
3280587,4237
918877,4238
1423406,4239
4201034,4240
2035392,4241
4155755,4242
3729449,4243
1376819,4244
1882854,4245
3350961,4246
4065215,4247
568776,4248
1993814,4249
1426655,4250
4425350,4251
2596335,4252
718475,4253
1522814,4254
1553279,4255
3338418,4256
911437,4257
572608,4258
3657359,4259
2849590,4260
4518717,4261
1198424,4262
3123106,4263
1529556,4264
3373197,4265
96484,4266
1151863,4267
1903279,4268
4138348,4269
1629653,4270
3431772,4271
2620581,4272
4133978,4273
3030313,4274
2367351,4275
983793,4276
1443036,4277
4214387,4278
2272434,4279
2416586,4280
3133826,4281
3934152,4282
2907683,4283
3276209,4284
1339871,4285
1567283,4286
410215,4287
1822565,4288
1403533,4289
2427259,4290
1200265,4291
865273,4292
514517,4293
3346008,4294
2330290,4295
2678018,4296
3555497,4297
2344652,4298
4447395,4299
3666064,4300
3234683,4301
8150,4302
4421736,4303
3352059,4304
4494585,4305
1941329,4306
3039044,4307
4374825,4308
3758754,4309
2313377,4310
3491697,4311
1678109,4312
3403746,4313
128287,4314
4439410,4315
2738803,4316
1329245,4317
1993221,4318
1818669,4319
593221,4320
1589341,4321
3033127,4322
969334,4323
1365107,4324
1442888,4325
2943327,4326
2439689,4327
160529,4328
782599,4329
2740717,4330
1060092,4331
376618,4332
1536239,4333
647365,4334
3436114,4335
1293536,4336
1774584,4337
3932444,4338
2195,4339
4517028,4340
3466331,4341
1120028,4342
116084,4343
2514822,4344
1517609,4345
23090,4346
159096,4347
1680524,4348
1849021,4349
3371508,4350
2383290,4351
1235291,4352
3018738,4353
2965491,4354
3218068,4355
1391597,4356
679174,4357
4040791,4358
933617,4359
919026,4360
4221819,4361
2418399,4362
2358762,4363
17708,4364
743796,4365
126800,4366
4292213,4367
2167255,4368
631706,4369
2123583,4370
3100860,4371
1694107,4372
925317,4373
2970420,4374
757964,4375
1520133,4376
1126899,4377
3605117,4378
2229751,4379
3221588,4380
1597012,4381
2134077,4382
543984,4383
3472068,4384
2571655,4385
750088,4386
3423017,4387
2333411,4388
529692,4389
3354924,4390
3755441,4391
3879160,4392
1805791,4393
185808,4394
666742,4395
1441911,4396
2249339,4397
2652442,4398
1101460,4399
2620384,4400
32759,4401
3812320,4402
1000847,4403
4064013,4404
4148670,4405
3365109,4406
3831330,4407
841946,4408
3902585,4409
847915,4410
3755485,4411
46412,4412
219506,4413
2907668,4414
704994,4415
846419,4416
2093753,4417
1663885,4418
3473373,4419
721,4420
3531717,4421
1360030,4422
109266,4423
959845,4424
2420415,4425
1655986,4426
1670256,4427
1104398,4428
2603542,4429
4050447,4430
2606699,4431
2281641,4432
789736,4433
2601070,4434
2315828,4435
655192,4436
3908751,4437
4443869,4438
4124567,4439
2703718,4440
3053494,4441
3738182,4442
4527639,4443
728510,4444
2926333,4445
782055,4446
3631372,4447
280577,4448
2948486,4449
4100066,4450
3981583,4451
743825,4452
1404687,4453
3910269,4454
263053,4455
884601,4456
2378910,4457
3031792,4458
33382,4459
171778,4460
1864831,4461
3420514,4462
687723,4463
1113052,4464
1884579,4465
1349089,4466
3075580,4467
2659379,4468
3809165,4469
2718603,4470
1000861,4471
2354378,4472
1622339,4473
4210142,4474
955274,4475
2936827,4476
2262066,4477
742280,4478
1139271,4479
3280868,4480
1057142,4481
442304,4482
517828,4483
4374820,4484
3868090,4485
318663,4486
225737,4487
1591825,4488
3170542,4489
1646791,4490
61026,4491
4347266,4492
4111518,4493
3355458,4494
3560661,4495
1042544,4496
1926987,4497
1184777,4498
4233249,4499
4011849,4500
3611216,4501
27824,4502
3861788,4503
2394244,4504
4475529,4505
2583432,4506
3803927,4507
2643582,4508
188358,4509
2004986,4510
3531441,4511
1926171,4512
1885482,4513
3263233,4514
184797,4515
2758002,4516
4109679,4517
229126,4518
3212197,4519
2575804,4520
3711396,4521
3946013,4522
600380,4523
3378435,4524
2801588,4525
2653768,4526
1954023,4527
927617,4528
2995423,4529
2266180,4530
2531760,4531
453061,4532
615576,4533
2309419,4534
1177055,4535
23820,4536
1836208,4537
447781,4538
2804562,4539
3353420,4540
3082534,4541
47422,4542
3881677,4543
3974062,4544
298412,4545
4382550,4546
3521008,4547
4020225,4548
3241448,4549
4511429,4550
4234104,4551
227171,4552
1191413,4553
3386953,4554
1324206,4555
307424,4556
3015171,4557
4092133,4558
1722912,4559
1052744,4560
24890,4561
4392035,4562
13110,4563
2971001,4564
1933531,4565
527727,4566
676702,4567
4499290,4568
1929884,4569
4380435,4570
1644112,4571
4346307,4572
3516707,4573
4006107,4574
4077639,4575
2249456,4576
4436988,4577
2256459,4578
403047,4579
3193097,4580
2178422,4581
2358922,4582
3285749,4583
451269,4584
1752936,4585
4340222,4586
3461369,4587
503870,4588
2053219,4589
1008711,4590
4150732,4591
3914567,4592
4118652,4593
4388280,4594
3228209,4595
2256821,4596
740549,4597
3567561,4598
1582835,4599
4200331,4600
1294003,4601
3264477,4602
3268056,4603
2671850,4604
254202,4605
1387473,4606
1845162,4607
2313923,4608
1677592,4609
2970621,4610
1756867,4611
4245568,4612
4015212,4613
1987324,4614
1938824,4615
1400264,4616
3101939,4617
2222156,4618
2503754,4619
3845193,4620
1174585,4621
1918931,4622
486025,4623
3481917,4624
1852170,4625
1587475,4626
87287,4627
2362015,4628
1472456,4629
585540,4630
4443330,4631
389931,4632
2667972,4633
2829701,4634
2020707,4635
3152601,4636
603289,4637
680357,4638
1200157,4639
2399072,4640
3013292,4641
3034895,4642
1974860,4643
4324626,4644
2903291,4645
2755981,4646
2689513,4647
4146129,4648
2617711,4649
118720,4650
4380930,4651
362736,4652
4018092,4653
1921861,4654
886994,4655
3536358,4656
2510124,4657
4440674,4658
704202,4659
545442,4660
1521974,4661
964090,4662
9384,4663
3193890,4664
3340259,4665
2525938,4666
4059916,4667
2337233,4668
1612429,4669
1207359,4670
1315963,4671
242489,4672
2479482,4673
2326963,4674
277844,4675
3051849,4676
444571,4677
3368159,4678
1568507,4679
3479805,4680
2073391,4681
4206248,4682
1880552,4683
384248,4684
2700540,4685
293959,4686
2536429,4687
3581320,4688
3714632,4689
4039546,4690
